<?xml version='1.0' encoding='UTF-8' ?>
<timeLogEntries>
  <time id="1" path="/bank_manager/PSP0/Planning" start="@1600736091000" delta="137" comment="Planning project structure and drafts of the classes diagram" />
  <time id="2" path="/bank_manager/PSP0/Design" start="@1600775930464" delta="65" comment="Designing GUI" />
  <time id="3" path="/bank_manager/PSP0/Code" start="@1600779841891" delta="356" comment="Adding data structures" />
  <time id="4" path="/bank_manager/PSP0/Code" start="@1600819554170" delta="173" comment="Coding sorting algorithms" />
  <time id="5" path="/bank_manager/PSP0/Code" start="@1600890969283" delta="431" comment="Fixing bugs of sorting algorithms" />
  <time id="6" path="/bank_manager/PSP0/Code" start="@1600972229174" delta="566" interrupt="12" comment="Coding controller classes of GUI" />
  <time id="7" path="/bank_manager/PSP0/Design" start="@1601278025810" delta="180" comment="Drafting the classes diagram" />
  <time id="8" path="/bank_manager/PSP0/Design" start="@1601278034985" delta="240" comment="Changin details of diagram classes in team meetings" />
  <time id="10" path="/bank_manager/PSP0/Test" start="@1600475171000" delta="720" comment="Testing algorithms" />
  <time id="11" path="/bank_manager/PSP0/Compile" start="@1601339212000" delta="300" comment="Compiling maven project" />
  <time id="14" path="/bank_manager/PSP0/Planning" start="@1600561779000" delta="240" comment="Planning which sorting algorithms to use, delegating work" />
  <time id="16" path="/bank_manager/PSP0/Planning" start="@1601425865762" delta="48" />
</timeLogEntries>
