<?xml version='1.0' encoding='UTF-8' ?>
<timeLogEntries>
  <time id="1" path="/Bank queue manager/PSP0/Planning" start="@1600740842158" delta="1" />
  <time id="2" path="/Bank queue manager/PSP0/Planning" start="@1600740908729" delta="87" />
  <time id="3" path="/Bank queue manager/PSP0/Planning" start="@1600784254559" delta="101" />
  <time id="4" path="/Bank queue manager/PSP0/Code" start="@1600790339405" delta="107" interrupt="13" />
  <time id="5" path="/Bank queue manager/PSP0/Code" start="@1600797558173" delta="11" />
  <time id="6" path="/Bank queue manager/PSP0/Design" start="@1601073590557" delta="92" />
  <time id="7" path="/Bank queue manager/PSP0/Code" start="@1601145090802" delta="172" />
  <time id="8" path="/Bank queue manager/PSP0/Code" start="@1601161564588" delta="220" />
  <time id="9" path="/Bank queue manager/PSP0/Code" start="@1601218398885" delta="279" />
  <time id="10" path="/Bank queue manager/PSP0/Code" start="@1601347927401" delta="935" interrupt="194" />
  <time id="11" path="/Bank queue manager/PSP0/Code" start="@1601435654757" delta="197" />
</timeLogEntries>
